date,actual,predicted,open,24_high,24_low,google,twitter,reddit
2020-01-01,7209.856756,7573.843915,7172.919875,7232.818506,7119.626946,1001,647,1332
2020-01-02,7111.6881,7767.651334,7209.856674,7237.014866,7079.290684,2938,660,2377
2020-01-03,7305.337661,8274.627513,7111.688107,7367.926046,6852.093401,1636,957,2012
2020-01-04,7304.676563,7005.830348,7305.337646,7390.041835,7255.087634,2351,639,1065
2020-01-05,7462.955633,9696.404928,7304.243692,7487.333871,7263.178696,1157,678,3000
2020-01-06,7512.943419,7819.121714,7464.585994,7599.605636,7314.609091,2395,829,1671
2020-01-07,7772.520109,7541.932774,7512.942676,7995.741275,7498.68958,2884,1002,1270
2020-01-08,8309.705401,7691.062295,7774.869648,8463.183418,7737.99391,2712,1027,2118
2020-01-09,7904.731346,7892.231077,8320.21502,8333.68436,7855.261802,1612,704,1951
2020-01-10,8058.400725,8961.31457,7904.741785,8079.876549,7670.457792,1862,709,2607
2020-01-11,8091.834808,9616.675494,8058.413945,8247.29097,7912.724695,2657,637,2118
2020-01-12,8143.736685,8010.746068,8091.835051,8278.66058,7959.533522,1250,599,2589
2020-01-13,8075.875107,7127.758301,8143.20288,8191.187715,8035.31553,2070,666,1662
2020-01-14,8683.144523,9446.579212,8075.875091,8757.058133,8064.846505,2853,1301,1671
2020-01-15,8753.903025,8769.405853,8678.694287,8897.643793,8516.137347,2614,949,1448
2020-01-16,8701.064133,8690.276989,8753.901285,8864.837026,8587.518351,2224,767,2351
2020-01-17,8835.097018,8417.299139,8701.063752,9009.5337,8609.83405,1866,884,2099
2020-01-18,8891.211502,9514.968602,8832.705454,8971.890632,8796.387059,2551,747,1927
2020-01-19,8625.603698,9707.831334,8891.211535,9181.972791,8512.303576,2412,1074,2262
2020-01-20,8660.647324,8900.741793,8625.603321,8759.212195,8455.129028,1227,777,1779
2020-01-21,8640.214416,8524.777525,8660.648868,8739.353819,8592.925596,1061,726,2122
2020-01-22,8631.512464,7060.59606,8641.67771,8797.773614,8486.340457,2188,697,2317
2020-01-23,8330.354395,9475.863738,8631.50825,8686.512024,8290.239129,1382,757,1646
2020-01-24,8489.107674,8486.302214,8330.717403,8496.643576,8220.867389,2468,679,1594
2020-01-25,8319.529978,7836.770939,8489.108895,8512.454207,8256.043067,2430,579,1755
2020-01-26,8436.124405,7746.101874,8319.527249,8462.483687,8282.358307,1035,630,1110
2020-01-27,8754.609552,8459.781492,8435.930496,8774.84067,8431.296472,1589,776,2349
2020-01-28,9018.11473,7935.272743,8754.606428,9176.388648,8728.19149,1264,983,2057
2020-01-29,9277.343298,7464.012986,9018.114799,9420.966275,8881.796897,2789,933,1863
2020-01-30,9361.449635,7781.120535,9277.343096,9432.677487,9185.18134,2219,902,2248
2020-01-31,9317.395267,9945.490612,9361.449495,9633.251035,9198.659041,1780,727,2532
2020-02-01,9325.250445,8512.577273,9317.39505,9451.06458,9239.69457,2039,666,1717
2020-02-02,9448.710738,8101.541123,9326.032148,9465.487907,9150.534573,2791,11248,2798
2020-02-03,9255.052417,8326.0344,9443.713844,9603.105582,9252.908978,1518,2831,2845
2020-02-04,9189.142663,7686.314571,9257.221419,9349.247058,9072.588214,1218,1515,1444
2020-02-05,9470.753068,7254.090631,9189.142839,9483.165664,9124.519273,2786,1661,2100
2020-02-06,9781.087818,7325.76659,9471.451287,9856.447773,9461.277882,2526,1442,2101
2020-02-07,9790.364228,8700.644898,9781.71861,9872.616069,9653.132962,1438,1205,2959
2020-02-08,9832.303695,8501.789484,9790.363982,9867.343712,9660.309157,2005,1182,2417
2020-02-09,10099.98478,8840.234626,9834.397564,10175.90701,9823.328259,2079,2812,2299
2020-02-10,9875.295849,9646.079164,10099.98656,10197.19928,9752.195757,1690,1279,1599
2020-02-11,10196.38492,7525.943142,9875.289231,10209.55425,9711.360915,1164,1553,1003
2020-02-12,10354.46441,7270.378609,10195.6568,10489.77986,10195.6568,1922,1564,1332
2020-02-13,10268.58756,8748.388236,10354.47159,10516.91793,10097.76169,1067,1401,1067
2020-02-14,10258.47198,8255.495924,10264.99908,10598.03016,10108.15916,1421,1068,2117
2020-02-15,9992.262028,8951.318118,10258.47154,10397.53648,9813.277403,1185,1260,1127
2020-02-16,9874.966829,9498.081572,9988.658467,10107.82097,9810.928072,2691,1146,1520
2020-02-17,9669.011839,8236.407936,9874.967323,10004.58726,9468.292698,2844,1191,1541
2020-02-18,9858.268541,8765.023962,9668.920994,9878.076755,9602.289975,1634,1447,1924
2020-02-19,10154.73447,7013.535724,9854.238329,10272.79482,9844.075672,2259,1380,2232
